"Bill of Material for "
"On 16/07/2018 at 13:45:22"

"Comment","Pattern","Quantity","Components"

"","PIN1","15","TP1, TP2, TP3, TP4, TP5, TP6, TP7, TP8A, TP8B, TP8C, TP8D, TP9A, TP9B, TP9C, TP9D","Socket"
"1/4W","AXIAL-0.3","86","R1, R2, R3, R4, R5A, R5B, R5C, R5D, R6A, R6B, R6C, R6D, R7A, R7B, R7C, R7D, R8A, R8B, R8C, R8D, R9A, R9B, R9C, R9D, R10A, R10B, R10C, R10D, R10NP, R11A, R11B, R11C, R11D, R11NP, R12A, R12B, R12C, R12D, R13A, R13B, R13C, R13D, R14A, R14B, R14C, R14D, R15A, R15B, R15C, R15D, R16A, R16B, R16C, R16D, R17A, R17B, R17C, R17D, R18A, R18B, R18C, R18D, R19A, R19B, R19C, R19D, R20A, R20B, R20C, R20D, R21A, R21B, R21C, R21D, R22A, R22B, R22C, R22D, R24A, R24B, R24C, R24D, R25A, R25B, R25C, R25D","Resistor"
"3V6 1W","DIODE-0.7","1","D6","Zener Diode"
"Cer 50V","RAD-0.1","27","C1, C4, C5, C8, C9, C10, C11, C12, C13, C14, C15, C16, C17, C18, C21, C22A, C22B, C22C, C22D, C23A, C23B, C23C, C23D, C24A, C24B, C24C, C24D","Capacitor (Semiconductor SIM Model)"
"Component_1","PCBComponent_1","1","U2",""
"Diode 1N4148","DO-35","8","D1A, D1B, D1C, D1D, D2A, D2B, D2C, D2D","High Conductance Fast Diode"
"Eletr 50V","CAPR5-4X5","6","C2, C3, C6, C7, C19, C20","Capacitor"
"Header 2","HDR1X2","4","P2A, P2B, P2C, P2D","Header, 2-Pin"
"Header 6X2","HDR2X6","1","P1","Header, 6-Pin, Dual row"
"LEM LV25-P","LEM LV25-P","4","1A, 1B, 1C, 1D",""
"LM317LZ/NOPB","LP0003A","1","U4","3-Terminal Adjustable Regulator, 3-pin TO-92, Pb-Free"
"LM336BZ-5.0/NOPB","Z03A","1","U3","5.0V Reference Diode, 3-pin TO-92, Pb-Free"
"LM7912CT/NOPB","NDE0003A","1","U1","3-Terminal Negative Regulator, 3-pin TO-220, Pb-Free"
"TL074BCNE4","TI-N14","4","U5A, U5B, U5C, U5D","Low-Noise JFET-Input Operational Amplifier, 7 to 36 V, 0 to 70 degC, 14-pin DIP (N14), Pb-Free (RoHS)"
